{"accuracy": [0.9156270027160645, 0.9405505657196045, 0.9554164409637451, 0.9659008383750916, 0.9707375764846802, 0.9768262505531311, 0.9797993898391724, 0.9820470809936523, 0.9847642183303833, 0.9849206805229187], "loss": [0.2641483247280121, 0.18269242346286774, 0.13606670498847961, 0.10479288548231125, 0.08990557491779327, 0.07246647775173187, 0.062049172818660736, 0.05525464937090874, 0.049037255346775055, 0.04726045951247215], "val_accuracy": [0.9266446828842163, 0.9354085922241211, 0.9466765522956848, 0.9561802744865417, 0.9623833298683167, 0.9651718735694885, 0.954757571220398, 0.9624971747398376, 0.9695538282394409, 0.9761552214622498], "val_loss": [0.22330471873283386, 0.1945633590221405, 0.16808901727199554, 0.13742440938949585, 0.12022800743579865, 0.1082153394818306, 0.14955483376979828, 0.128785640001297, 0.11350804567337036, 0.08082795888185501]}