{"accuracy": [0.5809801816940308, 0.8527206778526306, 0.9096379280090332, 0.938359797000885, 0.9543352723121643, 0.9627569317817688, 0.9707660675048828, 0.9754605293273926, 0.9777224659919739, 0.9816345572471619], "loss": [1.4304755926132202, 0.4646015167236328, 0.2784750461578369, 0.1887008398771286, 0.13927671313285828, 0.11179682612419128, 0.08869503438472748, 0.07391823083162308, 0.06790012121200562, 0.055021751672029495], "val_accuracy": [0.850614607334137, 0.90888911485672, 0.9248805046081543, 0.9454814195632935, 0.9635784029960632, 0.9654564261436462, 0.9603345990180969, 0.9689847230911255, 0.9597086310386658, 0.9608467817306519], "val_loss": [0.4876544177532196, 0.29040488600730896, 0.23855406045913696, 0.17120949923992157, 0.11735747754573822, 0.10951945930719376, 0.13060307502746582, 0.10067128390073776, 0.12978479266166687, 0.14129504561424255]}